{
  "intent_classification": {
    "accuracy": 0.8,
    "precision_macro": 0.6666666666666666,
    "precision_weighted": 0.6666666666666666,
    "recall_macro": 0.75,
    "recall_weighted": 0.8,
    "f1_macro": 0.7,
    "f1_weighted": 0.72
  },
  "response_generation": {
    "bleu_1": 0.2137267961433182,
    "bleu_2": 0.10267103185531729,
    "bleu_3": 0.042190161851619556,
    "bleu_4": 0.028799101677742484,
    "bleu": 0.028799101677742484,
    "rouge1": 0.39515151515151514,
    "rouge2": 0.09444444444444444,
    "rougeL": 0.39515151515151514,
    "meteor": 0.2062959659034592
  },
  "dialogue_quality": {
    "diversity": 0.8333333333333334,
    "mean_length": 3.6,
    "median_length": 3.0,
    "std_length": 1.2000000000000002,
    "min_length": 2,
    "max_length": 5
  }
}